Date,Description,Category,Amount
2026-07-01,Monthly office rent,Rent,15000.00
2026-07-03,A4 paper and pens,Stationery,620.50
2026-07-05,Electricity bill,Utilities,2340.00
2026-07-10,Broadband and phone recharge,Internet & Phone,1199.00
2026-07-18,Tea and snacks for team,Refreshments,480.00
2026-08-01,Monthly office rent,Rent,15000.00
2026-08-04,Printer cartridge,Stationery,1850.00
2026-08-06,Electricity bill,Utilities,2710.00
2026-08-12,Client visit taxi fare,Travel,950.00
2026-08-14,Broadband and phone recharge,Internet & Phone,1199.00
2026-08-22,Air conditioner servicing,Maintenance,1500.00
2026-09-01,Monthly office rent,Rent,15000.00
2026-09-04,Files and folders,Stationery,735.00
2026-09-07,Electricity bill,Utilities,2580.00
2026-09-11,Broadband and phone recharge,Internet & Phone,1199.00
2026-09-19,Train tickets for bank work,Travel,420.00
2026-09-25,Tea and snacks for team,Refreshments,560.00
